{
    "runge": {
        "n_5": {
            "max_error_equidistant": 0.4326689924794599,
            "max_error_chebyshev": 0.555887387371419
        },
        "n_10": {
            "max_error_equidistant": 1.915633147501289,
            "max_error_chebyshev": 0.10915351076845337
        },
        "n_15": {
            "max_error_equidistant": 2.1068604877790977,
            "max_error_chebyshev": 0.08309430748091262
        },
        "n_20": {
            "max_error_equidistant": 59.76839905928312,
            "max_error_chebyshev": 0.01533338400337414
        }
    },
    "cooling": {
        "T_2.5": 66.34743118286133,
        "T_7.3": 44.11705977510434,
        "heat_loss_rectangle": 18328.87001248491,
        "heat_loss_trapezoidal": 18334.480060965052,
        "heat_loss_simpson": 18330.783789446738,
        "heat_loss_adaptive": 18330.737099834736,
        "k_opt": 0.15163793793967467,
        "max_error_model": 4.8490459118401645,
        "mean_error_model": 1.6770785629111629
    },
    "flow": {
        "flow_rate_rectangle": 26.974759880522612,
        "flow_rate_trapezoidal": 26.97840752237937,
        "flow_rate_simpson": 26.97601260390296,
        "flow_rate_adaptive": 26.975974302688712,
        "local_flow_rate_x_3": 5.533841792980564,
        "acceleration_x_3": 0.8605745054346413,
        "work_mass_2": 9.000000085171266
    },
    "convergence": {
        "n_values": [
            2,
            4,
            8,
            16,
            32,
            64,
            128,
            256
        ],
        "errors": {
            "rectangle": [
                0.017769111808837,
                0.0044665486879580385,
                0.001118163463358135,
                0.0002796364063848422,
                6.991507518572249e-05,
                1.747914218164226e-05,
                4.369808882520587e-06,
                1.0924536788525785e-06
            ],
            "trapezoidal": [
                0.03564926400578017,
                0.008940076098471472,
                0.002236763705256717,
                0.000559300120949402,
                0.00013983185728161374,
                3.495839104861176e-05,
                8.739624432818616e-06,
                2.1849077749269696e-06
            ],
            "simpson": [
                0.0005793234175477391,
                3.7013462701906974e-05,
                2.3262408519464373e-06,
                1.4559284666759709e-07,
                9.102726350462831e-09,
                5.689702042843692e-10,
                3.5561331657163464e-11,
                2.2228885399044884e-12
            ]
        },
        "simpson_100_error": 9.545919610332021e-11,
        "adaptive_error": 2.1631296753810147e-10,
        "gauss_legendre_2_error": 0.0003854504515410362,
        "gauss_legendre_3_error": 8.240865232433947e-07
    }
}